fuente_limpia,Titulo
f1latam,Las llantas usadas son ahora utilizadas para elaborar baterías recargables de litio - F1LATAM.COM
obras.expansion.mx,CFE licitará 12 proyectos de infraestructura eléctrica - obras.expansion.mx
el sitio avicola,Estrés calórico en la producción de pollos: 3 - alimentación - El Sitio Avicola
la jornada,Consejero de Pemex afronta posible conflicto de intereses - La Jornada
noticias ambientales,Colombia: Bucaramanga dispondrá del primer puente iluminado únicamente con Led - Noticias Ambientales
gerencia de edificios,Conozca los secretos del edificio Alpina - Gerencia de Edificios
el confidencial,Grupo Ortiz consolida su metamorfosis con una autopista de 2.500 millones en Colombia - El Confidencial
obras.expansion.mx,Coca-Cola Femsa inaugura nueva planta en Colombia - obras.expansion.mx
t21,Colombia envía a EU uchuvas sin tratamiento de frío - T21
diario co latino,Listos para el Cuarto Contacto - Diario Co Latino
función pública,EQUIPO DIRECTIVO - Función Pública
www.noroeste.mx,Es Shakira joven líder - www.noroeste.com.mx
tsm noticias,Coldplay confirma concierto en Colombia - TSM Noticias
dentons,Dentons en Latinoamérica - Dentons
swi swissinfo.ch,Colombia vende la generadora de energía Isagen a canadiense Brookfield - SWI swissinfo.ch
rtvc.gov,Nuevo homenaje a “Pacheco” en Señal Colombia - rtvc.gov.co
fashionnetwork perú,Aumenta la producción de oro y esmeraldas en Colombia - FashionNetwork Perú
foco económico,"La renuncia de Tomás González, el Ministro de Minas y Energía de Colombia - Foco Económico"
jorgerobledo,Probadas las razones por las que el ministro Cárdenas debe renunciar por Isagén - jorgerobledo.com
dentons,Dentons se lanza en América Latina y el Caribe - Dentons
swi swissinfo.ch,Venezuela adelanta su reloj 30 minutos para ahorrar energía - SWI swissinfo.ch
saps grupero,"La Adictiva recibe Disco de Oro por el tema ""Después de ti ¿Quién?"" - SAPS Grupero"
www.noroeste.mx,Muestran su danza del Siglo 21 - www.noroeste.com.mx
telemundo,Estreno Exclusivo: Manuel Medrano estrena en Billboard su nuevo video Una y Otra Vez - Telemundo
proceso,La rebelión del hambre en Venezuela - Proceso
saps grupero,"Cumbia Benavides le pone energía y sabor a su ""Guarapera"" - SAPS Grupero"
ciper chile,Piñera offshore: las inversiones en Latinoamérica de su sociedad en un paraíso fiscal - - CIPER Chile
revistametro,"Galerazamba, otro polo de desarrollo en el Norte de Bolívar - revistametro.co"
el sol de méxico,"Fuentes renovables, el futuro de la energía en México - El Sol de México"
la nueva radio ya,Se estrelló un avión de Aerosucre tras despegar desde Puerto Carreño: cuatro muertos - La Nueva Radio YA
okdiario,La impunidad de los ladrones de electricidad lleva al abismo a la filial de Gas Natural en Colombia - OkDiario
martí noticias,Piedad Córdoba invoca a Fidel Castro para lograr presidencia de Colombia - Martí Noticias
abc,Los robots de la película 'Avatar' cobran vida - ABC
renovables verdes,Energía Solar Fotovoltaica - Renovables Verdes
europafm,El desgarrador vídeo de 'Sigo Extrañándote' de J Balvin - EuropaFM
el confidencial,El negocio del 'call center': las empresas que te atienden al teléfono (y que no conoces) - El Confidencial
minutodecierre,Macri le abre las puertas a empresarios venezolanos echados por Chávez - minutodecierre.com
law&trends,Inversores internacionales critican la liquidación de Electricaribe en Colombia - Law&Trends
panda.org,Urgente: Mocoa en estado de emergencia #TodosPorPutumayo - Panda.org
diario público,Avalancha en Mocoa: Al menos 254 muertos por una avalancha de agua y rocas en Colombia - Diario Público
martí noticias,Tragedia en Colombia: avalancha dejó más de 200 muertos e igual cifra de desaparecidos - Martí Noticias
cubadebate,Asciende a 300 la cifra de fallecidos por deslizamiento de tierra en Colombia - Cubadebate
proclama del pacifico,Estamos meando por fuera del tiesto en la solución del problema del alumbrado público en Santander de Quilichao - Proclama del Pacifico
e consulta,"Conoce a la colombiana Alejandra Vélez, una modelo de rasgos exóticos - e-consulta.com"
t21,"Puente Colombia, preparado para apoyar a Nuevo Laredo - T21"
el universal,Arrasa tornado con instalaciones de aduana en Nuevo Laredo - El Universal
rtvc.gov,RTVC le apuesta a la sostenibilidad ambiental - rtvc.gov.co
e consulta,"Diana Duarte, la bella y sensual modelo que desearías te salvara la vida - e-consulta.com"
minutodecierre,Vaca Muerta: Andes Energía y El Trébol se fusionan para invertir u$s160 millones - minutodecierre.com
la nueva radio ya,Café Gallo la nueva bebida para tener energía todo el día - La Nueva Radio YA
produ,Juan Balsero de Control Lumínico Colombia: Con luminarias LED de Fluotec facilitamos ahorro de energía a Caracol - produ
cultura colectiva,El día en que la guerrilla colombiana robó la espada de Bolívar y la vendió a Pablo Escobar - Cultura Colectiva
smartlighting,Una prueba piloto de telegestión de alumbrado público controla cuatro mil puntos de luz en Medellín - smartlighting
smartlighting,En Colombia la Torre de El Cable de Manizales se ilumina con 23.980 luminarias - smartlighting
hoy tamaulipas,Salvan a oso perezoso de morir electrocutado en Colombia - Hoy Tamaulipas
hoy tamaulipas,"Humberto Pabón, con energía para dirigir Cañaveral, dice su hijo Dayron - Hoy Tamaulipas"
el sitio avicola,"Avicultura, “león dormido” en energía alternativa - El Sitio Avicola"
f1latam,"Crece la oferta de BYD en Colombia con el utilitario 100 por ciento eléctrico ""T3"" - F1LATAM.COM"
rptnoticias,Electricaribe instalará postes en varios sectores de Valledupar - rptnoticias.com
reve.aeeolica.org,El mayor proyecto de energía eólica da sus primeros pasos en Colombia - reve.aeeolica.org
animal politico,"Qué sucede en Hidroituango, el proyecto hidroeléctrico más grande de Colombia que tiene en alerta a más de 100.000 personas - Animal Politico"
foco económico,Entrevista a Mauricio Cárdenas Santamaría - Foco Económico
función pública,Fondo Nacional del Ahorro financia Viviendas de Interés Social amigables con el ambiente - Función Pública
alcaldía distrital de santa marta,Mejor movilidad: 10 semáforos más de Santa Marta cuentan con energía Solar - Alcaldía Distrital de Santa Marta
cámara de comercio de medellín,Cluster Energía Sostenible - Cámara de Comercio de Medellín
alcaldía distrital de santa marta,Servicios tecnológicos de la Alcaldía serán provisionados de energía solar a través de un Datacenter Verde - Alcaldía Distrital de Santa Marta
cámara de comercio de medellín,Comunidad Cluster - Cámara de Comercio de Medellín
fashionnetwork perú,La industria textil colombiana se adhiere tímidamente a la sostenibilidad - FashionNetwork Perú
expoknews,Coca-Cola FEMSA transforma sus operaciones con el uso de energía renovable - ExpokNews
panam post,Qué tenían los socialistas antes de las velas: electricidad - PanAm Post
cibercuba,Colombia impide la entrada a un primo de Maduro que huía del apagón en Venezuela - CiberCuba
rptnoticias,"Vuelve y juega: el domingo, Valledupar nuevamente sin energía - rptnoticias.com"
jorgerobledo,Siete razones para decirle NO a la venta de ISA: Robledo - jorgerobledo.com
infonegocios,Otro caso para copiar: Molinos Santa Marta y su planta de energía solar ($ 7 millones de inversión) - InfoNegocios
crónica uno,Nueva falla de energía en el Metro complicó la mañana a los caraqueños - Crónica Uno
the nature conservancy,Cuenca del Magdalena-Cauca en Colombia - The Nature Conservancy
food and agriculture organization,"En Pupiales, Nariño, la historia de la producción de leche está cambiando - Food and Agriculture Organization"
economía digital,A la tercera va la vencida: Jove vende los pozos petrolíferos de Vetra - Economía Digital
expoknews,Espectacular que utiliza solo energía solar: MercadoLibre - ExpokNews
nodal noticias de américa latina y el caribe,El gobierno colombiano abre la puerta al uso del fracking para la extracción de hidrocarburos - NODAL - Noticias de América Latina y el Caribe
gerencia de edificios,Instalan techo solar en clínica colombiana - Gerencia de Edificios
public services international,Los daños de la privatización de la energía en Colombia - Public Services International
ministerio de energía |,En el Día de la Energía COP : 10 países de América Latina y El Caribe anuncian meta de 70% de energías renovables a 2030 | Ministerio de Energía - Ministerio de Energía |
mit technology review en español,"María Alexandra Tamayo (Colombia), 24 - MIT Technology Review en español"
panam post,Colombia: el futuro de las pequeñas centrales hidroeléctricas - PanAm Post
the nature conservancy,MiPez: la nueva aplicación de apoyo a las comunidades pescadoras para proteger la biodiversidad del río Magdalena - The Nature Conservancy
europafm,"El desgarrador mensaje de Daniella Álvarez, Miss Colombia, tras la amputación de su pierna - EuropaFM"
webpicking,56 nuevas tecnologías para infraestructura en Colombia - Webpicking
bésame en vivo,Claudia de Colombia le reclamó al presidente Iván Duque por las fallas en los servicios públicos - Bésame en vivo
the world economic forum,El presidente Iván Duque explica cómo Colombia está protegiendo la biodiversidad - The World Economic Forum
reve.aeeolica.org,"Eólica en Colombia, avanza el parque eólico Windpeshi - reve.aeeolica.org"
webpicking,Paneles solares abastecerán al Puerto de Cartagena - Webpicking
telemundo,El proyecto ‘Un Litro de Luz’ lleva energía eléctrica a los más desprotegidos en Colombia - Telemundo
areacucuta,Oleoducto Caño Limón – Coveñas: 35 años transportando la energía del nororiente colombiano - areacucuta.com
ministerio de energía |,Plataforma de Electromovilidad - Transporte público eléctrico en Colombia - Ministerio de Energía |
diario río negro,Colombia apuesta al offshore para revertir el declino de la producción - Diario Río Negro
20minutos,"Diego Mesa, ministro de Minas y Energía de Colombia: ""El sistema colombiano garantiza un tope al precio de la luz"" - 20Minutos"
perú 21,Fabrican secador de café que utiliza energía solar y mejora su calidad en taza - Perú 21
oim colombia,Equión Energía - OIM Colombia
boyacá 95.6 fm,Se invirtieron 70 millones dólares en la Central Hidroeléctrica de Chivor - Boyacá 95.6 fm
nodal noticias de américa latina y el caribe,Los dueños del petróleo en Colombia – Por Las 2 orillas - NODAL - Noticias de América Latina y el Caribe
el carabobeño,Diputados oficialistas del Consejo Legislativo del Táchira rechazaron comprar electricidad a Colombia - El Carabobeño
revista equipar,Inicia en Colombia nueva era de energía eólica offshore - Revista EQUIPAR
vavel,"Entrevista con Freddy
Hurtado: ""Sigamos mandándole buena energía a nuestro equipo que nos
va a dar muchas satisfacciones"" - VAVEL.com"
studocu,Marco Teórico sobre Bebidas Energizantes en Colombia - Studocu
gestión solidaria,Energía solar en Colombia: un siglo de historia - Gestión Solidaria
bucaramanga.alerta,Noticias Cúcuta: Colombia vendería energía a Venezuela a través de CENS EPM - bucaramanga.alerta.com.co
the logistics world,Colombia tiene el potencial suficiente para producir hidrógeno verde y azul - THE LOGISTICS WORLD
"el informador santa marta, colombia","Energías alternativas, una tecnología poco aprovechada en Colombia - EL INFORMADOR - Santa Marta, Colombia"
diario río negro,Transición: Colombia no adjudicará nuevos permisos de exploración de petróleo y gas - Diario Río Negro
bolavip,Pokémon GO: Cómo conseguir Energía Primigenia de Groudon y Kyogre - bolavip.com
pluralidad z,Celsia recomprará acciones y mueve la Bolsa de Valores de Colombia (BVC) - Pluralidad Z
energía a debate,"Violencia e inestabilidad social, retos del sector petrolero en Colombia - Energía A Debate"
energía a debate,Modificaciones al sector energético mexicano tiran crecimiento de renovables - Energía A Debate
la estrella de panamá,Erco genera energía limpia económica y digital - La Estrella de Panamá
areacucuta,Falabella Retail anunció que el 100% de la energía consumida en sus operaciones en Colombia proviene de fuentes renovables - areacucuta.com
revista equipar,Termoguajira inicia el camino a energías renovables - Revista EQUIPAR
prensa mercosur,Renuncia la ministra de Energía de Colombia en medio de escándalo por tráfico de influencias - Prensa Mercosur
revistametro,Réquiem por las térmicas en Colombia - revistametro.co
la república,Waterlight: la lámpara que funciona con agua salada - La República
diario primicia,Inseguridad y falta de agua afectan a vecinos de Villa Colombia - Diario Primicia
funds society,La nueva regulación debilita las inversiones en infraestructura energética en Colombia - Funds Society
periodico el suroeste,Los pasos que faltan para que Ituango sea la central hidroeléctrica más grande de Colombia - Periodico El Suroeste
misión verdad,¿Es posible la integración energética entre Colombia y Venezuela? - Misión Verdad
hitachi energy,"Hitachi Energy incrementa producción de transformadores, gracias a la ampliación de su fábrica en Dosquebradas, Risaralda - Hitachi Energy"
gestión solidaria,Tolima inaugura proyecto fotovoltaico en el municipio del Guamo - Gestión Solidaria
hitachi energy,"Hitachi Energy Colombia fue reconocido por el Grupo Energía Bogotá, en su gala de proveedores - Hitachi Energy"
progressive international,"En la Colombia de Gustavo Petro, un nuevo plan promueve la energía verde y los derechos indígenas - Progressive International"
the world economic forum,Cómo el hidrógeno blanco puede cambiar el juego en la transición verde - The World Economic Forum
panda.org,NUESTRO TRABAJO EN ENERGÍAS RENOVABLES - Panda.org
longi,LONGi participa en el desarrollo de los proyectos fotovoltaicos Guamo y Numbana en Colombia - Longi
la república,"No es PERÚ: Este país de SUDAMÉRICA se quedarían sin energía eléctrica en los próximos años, según la IA - La República"
el cuarto mosquetero,"Colombia, un país de noches a oscuras - El Cuarto Mosquetero"
public services international,ISAGEN propiedad de Brookfield: un ejemplo para exigir cambios tributarios a nivel mundial - Public Services International
longi,Los módulos de LONGi muestran un excelente rendimiento en los parques solares Guamo y Numbana en Colombia - Longi
progressive international,El embargo de carbón de Colombia a Israel es un modelo a seguir - Progressive International
teleantioquia,"Petro propone cambiar, desde ya, la fórmula tarifaria de energía - Teleantioquia"
gobernación del tolima,"Edificios de la Gobernación del Tolima, Fedelleras y Fábrica de Licores dan un paso hacia la incorporación de energías limpias - Gobernación del Tolima"
dian.gov,Colombia fortalece su seguridad nuclear y radiológica: Un compromiso con la protección Nacional - dian.gov.co
food and agriculture organization,Organización de las Naciones Unidas para la Alimentación y la Agricultura: Colombia y FAO impulsan proyecto en Amazonas que reduce 113 toneladas de CO2 y beneficia a 416 habitantes con energía y agua potable | FAO en Colombia | Продовольственн - Food and Agriculture Organization
dian.gov,Prensa Paneles solares: tema del próximo Encuentro Aduana – Empresa - dian.gov.co
grupo argos,Proyección de futuro: Grupo Argos prevé más de COP 40 billones en proyectos de infraestructura en Colombia y la región - Grupo Argos
oim colombia,Tejiendo Sueños con Energía fortaleció la educación de 3.600 niños y niñas con economía circular y reparación - OIM Colombia
radio guatapurí,¡Hacia la nueva CORELCA del siglo XXI! - Radio Guatapurí
grupo argos,"Grupo Argos y su empresa de energía, Celsia, fueron reconocidas por Forbes entre las 50 compañías líderes en sostenibilidad en Colombia - Grupo Argos"
teleantioquia,Esta es la multimillonaria suma que necesita Colombia para la transición energética; de no invertir esos recursos habría un déficit de energía - Teleantioquia
bbva research,Colombia | Situación sector eléctrico colombiano - BBVA Research
risaraldahoy,Ministro de Minas y Energía firma resolución que hace efectiva la rebaja del precio de la gasolina en Colombia - Risaraldahoy.com
bbva research,"Colombia: Inflación en 2014 cierra en 3,66% - BBVA Research"
"el informador santa marta, colombia","Declaran calamidad pública en el Distrito por fenómeno del 'Niño' - EL INFORMADOR - Santa Marta, Colombia"
diariocorreo.pe,ONU: Fenómeno El Niño puede convertirse en uno de cuatro más fuertes en 65 años - diariocorreo.pe
elheraldo.hn,Dramático impacto de fenómeno El Niño en 146 municipios de Honduras - ElHeraldo.hn
ica.gov,"Conjuntamente, el ICA estableció las fechas para siembra y venta de semillas en el Meta - ica.gov.co"
elheraldo.hn,Inversión térmica eleva la temperatura de Tegucigalpa hasta los 35 grados - ElHeraldo.hn
la demajagua,"Caso Samboní, uno de los rostros del maltrato infantil en Colombia - La Demajagua"
diario co latino,Honduras controla insecto que destruyó un cuarto de sus bosques de pino - Diario Co Latino
ojo público,Fenómeno del Niño: tres décadas de muerte y destrucción en Perú - Ojo-Público
américa tv,Nuevo Chimbote quedó inundado tras desborde del río Lacramarca - América TV
canal n,Enfen: presencia del Fenómeno El Niño costero se extenderá hasta mediados de abril - Canal N
canal n,Lambayeque: cocodrilos y caimanes escaparon de zoológico durante inundaciones - Canal N
cutivalú piura,"Probabilidades de un nuevo Fenómeno El Niño en Piura son bajas, según especialista de la UDEP - Cutivalú Piura"
corporación latinoamericana sur,Los niños y la violencia en Colombia - Corporación Latinoamericana Sur
cutivalú piura,Balance 2017: Los personajes que marcaron el año en Piura - Cutivalú Piura
diario de los andes,Población venezolana vulnerable ante explotación sexual comercial - Diario de Los Andes
el universal,Registran a bebé en Colombia como Netflix de Jesús - El Universal
alba ciudad,7 mil funcionarios se desplegarán para el resguardo del fenómeno “El Niño” - Alba Ciudad
alcaldía distrital de buenaventura,La SAAB busca alternativas para que la ciudadanía no se vea muy perjudicada por el fenómeno del niño - Alcaldía Distrital de Buenaventura
red uno,"El extraño caso de la bebé colombiana que nació ""embarazada"" con el feto de su hermano gemelo - Red Uno"
infomercado,Creamos.la: La academia que prepara a los pequeños profesionales - Infomercado
el siglo de durango,El otro rostro de la violencia sexual - El Siglo de Durango
semanario la razón,#CrónicasDeLaRoboLución /EL ILUMINADO DE EL FURRIAL y la sialorrea - Semanario La Razón
transnational institute,Cuatro mitos comunes sobre el mercado de la cocaína fumable - Transnational Institute
human rights watch,Colombia: Niños indígenas en riesgo de desnutrición y muerte - Human Rights Watch
human rights watch,Un pueblo resiliente - Human Rights Watch
instituto colombiano de bienestar familiar icbf,"La Xenofobia, un Fenómeno Que Debemos Erradicar - Instituto Colombiano de Bienestar Familiar ICBF"
verdadabierta,Así va el espinoso caso de reclutamiento de menores de edad en la JEP - VerdadAbierta.com
diariocorreo.pe,"Nacen mellizos de diferentes padres, fenómeno extraño identificado en Colombia - diariocorreo.pe"
cibercuba,Descubren que bebés mellizos en Colombia son de padres diferentes - CiberCuba
meganoticias,"Los actores de 'Pedro, El Escamoso' exigen regalías por retransmisión de la telenovela - Meganoticias"
bolavip,Haunted Latinoamérica en Netflix: 5 historias cortas y reales que te harán temblar - bolavip.com
fundación ideas para la paz · fip,Que no nos distraigan: prevenir el reclutamiento forzado es una deuda pendiente - Fundación Ideas para la Paz · FIP
arcgis storymaps,Visor Puertos Marítimos de Colombia - ArcGIS StoryMaps
verdadabierta,"Reclutamiento de menores avanza en la JEP, pero tiene varios retos por delante - VerdadAbierta.com"
el cuarto mosquetero,"Colombia, país en el que está prohibido ser niño, niña o adolescente - El Cuarto Mosquetero"
el diario venezuela,Fanuel Hanán Díaz muestra el camino de los migrantes venezolanos desde los ojos de un niño - El Diario Venezuela
instituto colombiano de bienestar familiar icbf,Entendiendo La Mendicidad Como Problemática y No Como Negligencia - Instituto Colombiano de Bienestar Familiar ICBF
informe final comisión de la verdad,Los estremecedores testimonios de militares y policías víctimas y sus familiares ante la Comisión de la Verdad - Informe Final Comisión de la Verdad
vavel,Hitos Verdolagas: Nace el fenómeno deportivo más grande en Colombia - VAVEL.com
proclama del pacifico,AGOSTO SIN VIENTOS NI COMETAS - Proclama del Pacifico
informe final comisión de la verdad,Desplazamiento Forzado - Informe Final Comisión de la Verdad
diario primicia,‘La niña’: El fenómeno que afecta al clima global y causa serios estragos en Latinoamérica - Diario Primicia
unamglobal.unam.mx,¿Cómo nos afecta el fenómeno de La Niña? - unamglobal.unam.mx
wired,‘El Niño’ podría secar la selva del Amazonas antes de lo esperado - WIRED
el diario venezuela,Fenómeno El Niño: qué es y cómo afecta al clima de la región - El Diario Venezuela
ojo público,"Guía para entender el clima: lluvias, ciclón Yaku y el fenómeno de El Niño - Ojo-Público"
noticias ambientales,El Niño y su impacto en los ecosistemas: una mirada detallada - Noticias Ambientales
corporación latinoamericana sur,La Mojana. Oportunidad única de avanzar en el ordenamiento territorial alrededor del agua. - Corporación Latinoamericana Sur
unamglobal.unam.mx,“El Niño”: ¿qué efectos tendrá en México y el mundo? - unamglobal.unam.mx
the food tech,Palmeros colombianos toman medidas por el impacto del fenómeno del niño en palma de aceite - The Food Tech
www.revistaeyn,Ecuador está en alerta amarilla por los efectos del fenómeno El Niño - www.revistaeyn.com
finanzas digital,FAO lanza plan preventivo de respuesta al fenómeno de «El Niño» en América Latina - Finanzas Digital
funds society,"El Niño, los alternativos y la política: los protagonistas del Investor Conference de Credicorp Capital en Lima - Funds Society"
boyacá 95.6 fm,Empezaron a racionar el suministro de agua en Duitama - Boyacá 95.6 fm
arcgis storymaps,DataMEI - ArcGIS StoryMaps
enel group,"El Niño, La Niña y ENSO: Impactos e implicaciones en el clima mundial - Enel Group"
studocu,Estudio sobre el Cambio Climático y sus Efectos en la Ganadería en Colombia - TRBAJO FINAL - Studocu
bcr.ar,“La Niña” cae por tercera vez: su intensidad pasa a moderada y sería más breve - bcr.com.ar
fundación ideas para la paz · fip,"No es turismo, es explotación sexual: el problema a fondo - Fundación Ideas para la Paz · FIP"
voragine,"La Calera: agua para Coca-Cola y Bogotá, pero no para su gente - Voragine"
telemedellín,Alcalde de Medellín advirtió que Colombia podría tener racionamientos energéticos en unos años - Telemedellín
voragine,Violencia contra niños y niñas aumenta pese a leyes robustas - Voragine
bésame en vivo,¿Dónde celebrar el Día del Niño en Medellín? 4 lugares gratis y divertidos - Bésame en vivo
proceso,El CO2 en la atmósfera llegó a su máximo histórico en 2024 - Proceso
red uno,“Chat Yipiti”: el caso viral de una bebé registrada con un nombre ligado a la IA - Red Uno
produ,In-To Films y Dos Ke Tres comenzaron a producir microdramas verticales en inglés en Colombia y México - produ
américa tv,Fenómeno El Niño 2026: Indeci prevé intensidad leve - América TV
semanario la razón,Héctor Navarro: «Soy en parte responsable de la crisis eléctrica» - Semanario La Razón
cubadebate,Avalancha de lodo provoca al menos 113 fallecidos en Colombia (+ Fotos y Video) - Cubadebate
el siglo de durango,'La Niña' provoca clima extremo de la temporada - El Siglo de Durango
elperiodico,El príncipe de Noruega destaca los programas ambientales de Colombia - elperiodico.com
diario público,"Gemelo parásito: Itzamara, la bebé que nació 'embarazada' de su hermano gemelo - Diario Público"
telemedellín,Ideam explica porque llueve en época decembrina - Telemedellín
cultura colectiva,“Aquí se habla español”: Caso Cerrado se viraliza por los gritos de la doctora Polo - Cultura Colectiva
abc,Lahares: cuando un infierno volcánico de lodo arrasó la ciudad de Armero y segó 29.000 vidas - ABC
bucaramanga.alerta,Continúan labores de búsqueda de un niño de ocho años que cayó al río Chicamocha en Santander - bucaramanga.alerta.com.co
nodal.am,Oficina de la ONU reporta que la violencia aumentó un 621% este año - nodal.am
periodico el suroeste,Colombia prevé caída en producción de café debido a las lluvias - Periodico El Suroeste
www.ecotvpanama,La Niña podría tener duración inédita dice la ONU - www.ecotvpanama.com
prensa mercosur,Qué es el fenómeno del «triple episodio” de La Niña que ocurre por primera vez este siglo (y qué consecuencias puede tener) - Prensa Mercosur - Imprensa Mercosul El diario online del MERCOSUR - Prensa Mercosur
ica.gov,Vigilancia fitosanitaria en cultivos de cebolla larga para prevenir enfermedades de control oficial en Boyacá - ica.gov.co
el sol de méxico,Fenómeno del Niño: ¿qué es y cuáles son sus efectos en México y el mundo? - El Sol de México
perú 21,"Abraham Levy, hombre del tiempo: “Siempre va a haber niño. Tenemos que prepararnos siempre” - Perú 21"
alcaldía distrital de buenaventura,Por Fenómeno del Niño y escasez de agua en Buenaventura autoridades realizaron recorrido en el río Escalerete - Alcaldía Distrital de Buenaventura
gobernación del tolima,Autoridades recomiendan seguir alertas ante el fenómeno de El Niño pese a las lluvias en el Tolima - Gobernación del Tolima
risaraldahoy,Invierno en Colombia afectará con mayor fuerza a 23 departamentos: IDEAM - Risaraldahoy.com
la demajagua,ONU prevé prevalencia del calor a pesar de fenómeno La Niña - La Demajagua
americamalls & retail,El café se dispara por la sequía en Brasil - AmericaMalls & Retail
nvc noticias,"⚽¿Amistoso entre Colombia y Portugal?, Ramón Jesurún habla al respecto - Deportes - NVC Noticias"
nodal.am,Gustavo Petro extendió por un año la situación de desastre nacional debido a fenómenos climáticos - nodal.am
meteored chile,Predicción actualizada sobre La Niña: continuará durante el verano del hemisferio sur a la espera de un nuevo El Niño - Meteored Chile
nvc noticias,IDEAM advierte condiciones “tipo La Niña” en Colombia: lo que esto puede significar para el país - NVC Noticias
pluralidad z,A preparar paraguas: IDEAM anuncia fiestas de fin de año pasadas por agua - Pluralidad Z
meteored chile,CIIFEN advierte: La Niña se debilita y el clima de Sudamérica entra en una fase de transición clave este 2026 - Meteored Chile
tsm noticias,Niveles de embalse de Betania con tendencia a la baja - TSM Noticias
animal politico,Coca Codo Sinclair: la cuestionada represa que China construyó en Ecuador y que le puede costar millones a ese país - Animal Politico
alba ciudad,Presidente Maduro: Fueron atacados el sistema computarizado en Guri y el cerebro electrónico de Corpoelec en Caracas (+Video) - Alba Ciudad
meganoticias,¿Cuánto cuesta un generador eléctrico en Venezuela? - Meganoticias
crónica uno,Crecen los riesgos para la electricidad en Venezuela ante mayor dependencia del Guri - Crónica Uno
diario de los andes,"Complejo hidroeléctrico Uribante – Caparo se desangra por sequía, tala, quema y falta de mantenimiento - Diario de Los Andes"
finanzas digital,La cuarta mayor hidroeléctrica de Brasil retoma operaciones tras 14 día parada por sequía - Finanzas Digital
resumen latinoamericano,Ecuador. Hacia la privatización del sector energético ecuatoriano - Resumen Latinoamericano -
la jornada,CFE formaliza crédito por 150 mde para central solar flotante - La Jornada
misión verdad,"Sabotaje a Guri y la trama real detrás de la narrativa del ""fraude"" - Misión Verdad"
resumen latinoamericano,Venezuela. 100% del servicio eléctrico nacional restablecido tras sabotaje - Resumen Latinoamericano -
enel group,Energía hidroeléctrica: innovación y tradición al servicio de la sostenibilidad y la creación de valor - Enel Group
desdeadentro.pe,El apagón de Chile y la lección para el Perú: ¿estamos preparados? - desdeadentro.pe
confirmado.net,Estiaje 2025-2026: Un escenario energético crítico para Ecuador - confirmado.net
radio guatapurí,Riesgos del sistema eléctrico en Colombia: La Costa Caribe en alerta por vulnerabilidades energéticas - Radio Guatapurí
www.ecotvpanama,Panamá lanza su primer cronograma de licitaciones eléctricas - www.ecotvpanama.com
teleamazonas,Autoridades descartan cortes de energía en Ecuador por la paralización de hidroeléctricas - Teleamazonas
confirmado.net,"¿Habrá apagones en Ecuador? Gobierno asegura que no, pero expertos advierten riesgos - confirmado.net"
metro ecuador,Central Alluriquín retoma operaciones y refuerza el sistema eléctrico nacional - Metro Ecuador
infomercado,Grupo Romero adquiere Orygen y manejará el 14% de la matriz eléctrica peruana - Infomercado
canal solar,¿Cómo funciona el sector eléctrico en Venezuela? - Canal Solar
canal solar,Chile: Récords de generación de energía solar y eólica para 2025. - Canal Solar
teleamazonas,Energía fotovoltaica en Ecuador: cómo funciona y cuánto aporta al sistema eléctrico - Teleamazonas
el carabobeño,Así busca Estados Unidos recuperar el sistema eléctrico en Venezuela - El Carabobeño
metro ecuador,Ecuador fortalece su sistema eléctrico con recuperación de generación y nuevos proyectos - Metro Ecuador
ecoticias,El alivio energético en Ecuador: dos hidroeléctricas vuelven al sistema y aportan 368 MW clave - ECOticias.com
renovables verdes,Inspección a la hidroeléctrica de Urrá tras las inundaciones en Córdoba - Renovables Verdes
uexternado.edu,Curso de Actualización en Regulación Eléctrica - uexternado.edu.co
energynews.es,"Precio medio del mercado diario de enero: 69,55 €/MWh - energynews.es"
bcr.ar,¿Cómo es el mercado mundial del cobre? - bcr.com.ar
economía digital,"Emili Rousaud, CEO de Factorenergia: «No tenemos prisa por salir a Bolsa, es mala consejera» - Economía Digital"
radio intereconomía,Los activos de Abengoa vuelven a cotizar en la Bolsa de la mano de Cox - Radio Intereconomía
20minutos,¿Por qué llega la factura de la luz de diciembre con el IVA al 21% si aún aplicaba la rebaja fiscal? - 20Minutos
uexternado.edu,"Comparativa de eficiencia y costos entre electricidad, gas natural y GLP: ¿cuál es la mejor opción? - uexternado.edu.co"
energynews.es,Grenergy acuerda con Ecopetrol la venta de siete parques fotovoltaicos en Colombia - energynews.es
okdiario,La encrucijada jurídica de la CNMC: afronta la retribución de las eléctricas con sus consejeros señalados y... - OkDiario
ig group,Los 7 factores que influyen en el precio del petróleo - IG Group
ig group,Invertir en acciones de litio: descubre las acciones más importantes de la bolsa - IG Group
the logistics world,Mercado Libre apuesta por la sustentabilidad: integra una flota de vehículos eléctricos en Latinoamérica - THE LOGISTICS WORLD
revista mercado,‘The Green Future Index 2022’. Qué países encabezan las acciones hacia un futuro verde - Revista Mercado
transnational institute,Un Futuro Sostenible para los Agricultores de Cannabis - Transnational Institute
desdeadentro.pe,"Sector eléctrico: avances, desafíos y una ruta hacia el futuro - desdeadentro.pe"
la estrella de panamá,EnfraGen apuesta por el futuro energético de Panamá con expansión de activos renovables y el establecimiento de sus oficinas regionales - La Estrella de Panamá
www.revistaeyn,Tres habilidades que marcarán el futuro profesional de los mayores de 45 años - www.revistaeyn.com
iebs,Previsiones y tendencias para emprendedores y startups en 2025 - IEBS
iebs,Carreras Universitarias con más futuro y sin desempleo para 2040 ¿Qué estudiar hoy? - IEBS
the food tech,5 oportunidades clave para transformar la industria de la panificación en 2025 - The Food Tech
ecoticias,Los avances tecnológicos en España que rompen el mercado energético: Vienen del mismo futuro - ECOticias.com
wired,China tiene un plan para liberarse del petróleo y dominar la energía del futuro - WIRED
infonegocios,"Qué hace Geocluster, la pyme cordobesa que mide el futuro de la energía solar con ensayos clave (ya opera en Argentina y Uruguay) - InfoNegocios"
law&trends,"Expertos lamentan en la Universidad Pontificia Comillas la fórmula elegida para la reforma del mercado eléctrico, un “abuso de la figura del Real Decreto-Ley” que desprecia “el respeto a la propiedad y a los contratos” - Law&Trends"
ciper chile,Tiempos convulsos para nuestra Energía - - CIPER Chile
elperiodico,Los problemas de tener cada vez más electricidad en España mientras se hunde su consumo - elperiodico.com
radio intereconomía,El futuro del automóvil: Los coches eléctricos vs los de combustión - Radio Intereconomía
focuseconomics,▷ Las 10 materias primas más comercializadas del mundo - FocusEconomics
americamalls & retail,Chevrolet anuncia la llegada de un nuevo vehículo eléctrico a México - AmericaMalls & Retail
focuseconomics,El Cronómetro del Crudo: Cómo las perturbaciones geopolíticas afectan al mercado petrolero - FocusEconomics
revista mercado,Top países de Latinoamérica con más carros eléctricos - Revista Mercado
mit technology review en español,"Luis Carlos Parra (Colombia), 33 - MIT Technology Review en español"
